"Peptide","Precursor Mz","NN_Cell_7_05 Area","NN_Cell_8_07 Area","NN_Cell_11_04 Area","NN_Cell_3_08 Area","NN_Cell_6_06 Area","NN_Cell_10_09 Area","NN_Cell_QC_1_02 Area","NN_Cell_QC_2_03 Area","NN_Cell_QC_3_10 Area","NN_Cell_Blank_2_13 Area"
"Glycine",74.024752,38333144,24641996,32514978,22529370,25760238,20922172,27310108,25343944,23781960,284543
"Glycine",75.028107,733316,456142,612584,472731,517847,426306,531767,500381,454893,50128
"Glycine",76.031462,3728,2141,6529,2714,5312,9467,9007,7511,3098,0
"Pyruvate",87.008768,46394948,16827240,25020696,14585046,19957516,9765364,19843820,19555978,17588196,2107617
"Pyruvate",88.012123,1501917,528752,759867,485869,660362,262770,681676,577935,549211,103919
"Pyruvate",89.015478,295643,58797,124911,112793,118549,46533,83166,72739,86820,15028
"Pyruvate",90.018833,591575,257478,458389,184934,242604,46503,258023,280031,222443,1969
"Alanine",88.040403,38252232,33242446,40449492,32460698,32589722,22499080,32067298,31320324,30764078,355693
"Alanine",89.043757,3088064,1800590,2684679,1901211,1911502,1521699,2145392,1860963,1977319,155427
"Alanine",90.047112,2794881,1754188,2732867,1364082,1479448,1509422,1722114,1657695,1557259,0
"Alanine",91.050467,15844316,9140763,13306389,7786696,8598098,8812981,9821440,9487932,8847896,152337
"Lactate",89.024418,1972457088,1648081920,1963610112,752674240,887132352,902123648,1505612288,1445115904,1265816448,53682368
"Lactate",90.027773,65511644,53944800,65116892,24957978,30975412,29830258,48734544,48360196,40620248,1440478
"Lactate",91.031128,4635344,5193215,6003366,3157776,3545882,3701667,5875838,4897938,4608902,437621
"Lactate",92.034483,10444032,8414141,10714077,5209402,6904147,4109872,7147508,7186769,6515637,83454
"Serine",104.035317,38745008,25249764,31198896,18583432,23316932,25497334,25984536,25358806,22819600,224659
"Serine",105.038672,1016507,734419,811157,435117,611602,566580,611393,593416,594017,8105
"Serine",106.042027,45762,102397,204038,52690,77783,88356,87257,1805,118872,2835
"Serine",107.045382,6860,4296,5496,12296,10213,14727,1869,5090,16926,12302
"phosphoenol pyruvate",166.975099,984927,463441,891806,582373,470376,302466,532467,459385,434021,0
"phosphoenol pyruvate",167.978454,5826,0,0,0,0,0,0,0,0,0
"phosphoenol pyruvate",168.981809,0,2188,0,0,0,0,0,0,0,0
"phosphoenol pyruvate",169.985163,0,0,0,0,0,0,0,0,0,0
"DHAP",168.990749,6738818,3713431,6899997,9764215,10859183,3567366,6758224,6161708,5146471,474
"DHAP",169.994104,141411,66820,131602,273584,271795,42246,155962,130814,97995,0
"DHAP",170.997459,37037,81072,26232,97385,104760,98719,73258,97508,78504,45341
"DHAP",172.000814,2153,0,0,0,4079,0,1578,0,0,0
"2-PG",184.985664,360594,172059,421497,198154,168392,111410,201302,189187,182869,0
"2-PG",185.989018,2199,0,0,1811,0,0,0,0,0,0
"2-PG",186.992373,0,0,0,0,0,0,0,0,0,0
"2-PG",187.995728,0,0,0,0,0,0,0,0,0,0
"3-PG",184.985664,2900671,1487438,3414532,1431849,1584285,870613,1399466,1394401,1296623,0
"3-PG",185.989018,42850,8366,68478,5381,22159,5766,19753,3827,8454,0
"3-PG",186.992373,843,0,676,376,0,0,0,0,0,0
"3-PG",187.995728,0,0,0,0,0,0,2250,0,0,0
"Glycerol 3-phosphate",171.006399,158532944,151357344,134133088,141100048,139837904,122271696,127220312,126465408,135055968,295436
"Glycerol 3-phosphate",172.009754,4337178,4184924,3585084,4043254,3925882,3398222,3531553,3500542,3763678,0
"Glycerol 3-phosphate",173.013109,14437,16002,22136,15339,6332,16949,11541,26923,14519,0
"Glycerol 3-phosphate",174.016464,0,0,0,0,0,0,0,0,0,0
"Fumarate",115.003683,2423443,2309100,2721059,1707518,1990777,1071723,1895473,1708616,1948702,103388
"Fumarate",116.007037,554809,313272,419144,303345,288850,162300,295631,238582,244268,0
"Fumarate",117.010392,1868425,961915,1384364,908309,928487,550899,910331,814706,857602,31005
"Fumarate",118.013747,1320394,936950,1273908,822014,833068,508965,823992,827756,776975,3684
"Fumarate",119.017102,9182711,5345631,7444336,4947359,5016335,3551807,5041050,4992620,4913740,2000
"Malate",133.014247,32770272,33551038,40974444,29241840,31658294,17635606,30047576,28495382,26482444,767192
"Malate",134.017602,9571494,5614401,7613420,5501799,5737206,3095572,5487173,5304995,4823395,7410
"Malate",135.020957,29526748,16198657,23476566,15605519,16218123,10012284,16480692,15707114,14321951,13371
"Malate",136.024312,21043418,16060711,20976530,13458537,14440389,9397786,14696247,14022023,12910064,7741
"Malate",137.027667,133157880,80211440,108781112,77948416,83181624,57240900,81715408,77719840,71743112,6811
"Aspartate",132.030232,49038640,44288980,58099352,33941348,36905248,28137228,40981244,38538692,37668540,577449
"Aspartate",133.033587,12268907,6798605,10071600,5827275,6065180,4951049,7078374,6582929,6281997,30804
"Aspartate",134.036941,37850996,19707860,29994246,16885012,17408252,16357469,20747916,19591256,18778198,53964
"Aspartate",135.040296,31821482,22804850,32914468,17074638,18455442,18809642,22169998,21139178,20468624,9027
"Aspartate",136.043651,170050528,95605952,141407968,81522616,88129136,93821560,101560944,97915408,93039824,0
"Threonine",118.050967,105699392,96400216,106272352,57841068,80084240,88993432,87455328,84473536,78022600,242498
"Threonine",119.054322,4143726,3598336,3958847,2281106,3090311,3202242,3343534,2921357,3129591,28614
"Threonine",120.057677,150470,92657,24074,21210,44781,39361,108962,150063,77347,144159
"Threonine",121.061032,3177,10251,0,3333,0,4608,4434,2640,1960,20921
"Threonine",122.064387,0,0,0,0,0,0,0,0,0,0
"R5P",229.011878,49405508,33133090,39983040,26549142,32415376,11332868,31008286,29722680,25834850,0
"R5P",230.015233,2415862,1553214,1868751,1256193,1530269,505235,1468593,1359147,1183046,0
"R5P",231.018588,320792,180770,245425,161622,195848,51338,186882,159318,155314,0
"R5P",232.021943,0,0,0,967,496,0,1747,0,0,0
"R5P",233.025298,0,0,0,0,0,0,0,0,0,0
"R5P",234.028653,2912,401,0,0,0,0,0,0,0,0
"a-KG",145.014247,2192808,1818178,2135954,1603483,1789881,692724,1677369,1630153,1481334,25705
"a-KG",146.017602,552109,219533,282807,277798,256043,41932,244617,211812,200000,0
"a-KG",147.020957,548769,159403,340334,157214,275777,34527,263329,168259,99071,6112
"a-KG",148.024312,3237636,1379743,1963035,1544638,1576199,524231,1441351,1402112,1201274,928
"a-KG",149.027667,781434,519198,589592,388415,410863,141684,441696,434998,372233,2251
"a-KG",150.031022,16306686,8618566,11066419,8880956,8946154,3748737,8259684,8512317,7265547,6027
"Glutamate",146.045882,173617232,199963568,249006848,177076336,195289744,129747776,185585808,177619104,167095648,1466520
"Glutamate",147.049237,55567808,36034808,49302524,34625688,37107000,27018860,36897248,35445284,32931412,37944
"Glutamate",148.052592,63980128,41247124,57272164,38256400,40797464,31129268,41812956,40837708,37242128,84009
"Glutamate",149.055946,285459680,171814304,240943744,167752592,180846032,152176976,185021440,176802832,165736048,65092
"Glutamate",150.059301,71568448,46603612,62351628,45653396,50076660,44057144,49580248,46932904,44469972,0
"Glutamate",151.062656,1414821248,981597632,1290974080,939518400,1036195712,930687360,1042465792,982923392,930429568,237423
"Glutamine",145.061866,5867700,8310173,9571704,6240683,6033602,4034749,6672441,7318584,9088320,1850854
"Glutamine",146.065221,267889,371441,395833,275101,289337,164968,287207,291514,407904,62856
"Glutamine",147.068576,56314,4850,72659,96568,77897,93766,47267,75009,91947,23269
"Glutamine",148.071931,963600,894175,957165,665667,828457,809548,808231,794307,764611,0
"Glutamine",149.075286,18083578,18106760,18889568,12444315,15986411,16917486,16319333,16186114,15231975,0
"Glutamine",150.07864,447869120,449813920,472503552,311608544,401982144,422134720,411160960,405611968,377476224,65388
"Proline",114.056053,8549085,13916314,13848133,10786097,11878430,4536801,10929595,10949423,10552903,219347
"Proline",115.059407,789812,819455,976289,749583,591139,439752,775704,749977,565367,57835
"Proline",116.062762,409080,257197,303646,254618,245792,185991,288531,285401,263477,0
"Proline",117.066117,1967466,1120322,1553355,1113911,1185165,867948,1242709,1195987,1165770,919
"Proline",118.069472,560817,322220,443305,307639,431621,376838,388350,372387,369749,0
"Proline",119.072827,11833402,8547736,10810402,7968956,7969130,5682619,8478851,8242064,7597223,14394
"Methionine",148.043773,22201982,22151368,18311910,26763400,36697100,31569394,29634390,29885152,29265422,33678
"Methionine",149.047128,1212294,1064691,1055342,1466045,1646506,1669891,1457030,1562078,1590059,250243
"Methionine",150.050483,0,3931,0,0,8355,0,8714,0,6983,0
"Methionine",151.053838,5669,0,0,2647,2719,0,0,0,0,3174
"Methionine",152.057193,0,0,0,5331,0,0,0,0,0,797
"Methionine",153.060548,0,0,0,0,0,0,0,0,0,0
"Valine",116.071703,279508512,305424672,296121568,181855792,251856352,265283632,266961200,259678400,243740976,93732
"Valine",117.075057,14884242,15843807,15670271,9405140,12785400,14050027,14196911,13567563,12480020,34160
"Valine",118.078412,194578,215320,166631,115433,189634,172014,178619,165107,174929,0
"Valine",119.081767,0,0,2640,0,0,0,0,0,0,0
"Valine",120.085122,0,0,0,0,0,0,0,0,0,0
"Valine",121.088477,0,0,0,0,0,2167,0,0,0,0
"Adenine",134.047219,17642066,13336667,15818579,14436521,13841136,14098034,14876242,14747737,14190680,80310
"Adenine",135.050574,1061052,616498,486019,818630,815697,868152,759570,736268,861373,59141
"Adenine",136.053929,12577,3980,0,0,2646,5877,10207,0,2860,4117
"Adenine",137.057284,0,0,0,0,0,0,0,0,3409,0
"Adenine",138.060639,0,0,0,0,0,0,615,0,0,0
"Adenine",139.063993,0,0,0,0,0,0,0,0,0,282
"Lysine",145.098252,8018346,11383509,10650009,3772281,6528902,8259033,7470920,7288513,6313722,1703
"Lysine",146.101607,412057,609617,526235,172303,319336,430050,370581,395659,325204,0
"Lysine",147.104961,1415,0,2380,0,0,0,2957,0,0,0
"Lysine",148.108316,0,0,0,0,0,0,0,0,0,0
"Lysine",149.111671,0,0,0,0,0,0,0,0,0,0
"Lysine",150.115026,0,0,0,0,0,0,0,0,0,0
"Lysine",151.118381,0,0,0,0,0,0,0,0,0,0
"Leucine",130.087353,227173984,235572016,235196096,176605360,188207488,208187792,213690032,204401120,196372832,1732378
"Leucine",131.090708,15135360,15766212,15514104,11645380,12143942,13749563,13919183,13139389,12948668,145242
"Leucine",132.094062,309244,337171,354599,214248,259982,298691,287320,271185,275852,0
"Leucine",133.097417,0,0,0,0,0,0,0,0,0,0
"Leucine",134.100772,0,0,0,0,0,0,0,0,0,0
"Leucine",135.104127,0,0,0,0,0,0,0,0,0,0
"Leucine",136.107482,0,0,0,0,0,0,0,0,0,0
"Isoleucine",130.087353,94404704,119831616,186651616,380281792,260624288,153175280,118703968,119525296,125114192,997065
"Isoleucine",131.090708,6343790,8454635,12686525,25882490,17906998,10313069,8573635,8815524,8688945,92023
"Isoleucine",132.094062,110102,347422,302771,575249,277902,312134,300140,279030,317122,0
"Isoleucine",133.097417,0,0,0,0,0,0,0,0,0,0
"Isoleucine",134.100772,0,0,0,0,0,0,0,0,0,0
"Isoleucine",135.104127,0,0,0,0,0,0,0,0,0,0
"Isoleucine",136.107482,0,0,0,0,0,0,0,0,0,0
"Citrate",191.019727,46042264,88767320,92967968,26946486,32280486,42809264,60704212,58572084,54071044,4151214
"Citrate",192.023082,6264023,6739372,7384443,3831136,3989757,3636837,5318900,5115103,4705292,216094
"Citrate",193.026436,10862097,3908120,5491550,6469866,6237380,3963299,5249485,4990081,4491308,30092
"Citrate",194.029791,8881602,3847607,5279464,5750401,5659717,3661487,4710948,4569952,4266440,1835
"Citrate",195.033146,40484044,14717836,20478910,23317684,22995530,17751660,19843628,19066862,17249058,53320
"Citrate",196.036501,8942214,4787966,5943895,5955546,5637645,3064755,5011334,5083724,4607372,111695
"Citrate",197.039856,2116050,546879,760351,1193902,1107446,637076,854974,770668,744978,0
"Aconitate",173.009162,694269,664237,906940,377195,381882,175964,473702,519848,437664,4532
"Aconitate",174.012517,101917,53672,75282,58704,39280,4412,37904,66094,25470,0
"Aconitate",175.015872,334692,85108,143158,121781,122066,49331,107605,109732,76249,0
"Aconitate",176.019227,281805,79072,153625,105788,138701,46549,116134,111206,91925,2530
"Aconitate",177.022581,1348280,381824,600299,568007,556385,278097,474201,453555,358715,0
"Aconitate",178.025936,325660,84685,329290,205801,274801,162343,169883,267216,183456,51610
"Aconitate",179.029291,47240,3814,2177,10935,5904,2319,2081,4794,6226,0
"Glucose",179.056112,134474992,158501120,150427728,79176096,140478096,179988816,162913760,156462208,128578224,60757
"Glucose",180.059467,8065380,9175748,8816611,4910676,8180235,10712072,9428731,9216789,7796662,12723
"Glucose",181.062822,45570,64138,67395,43853,90143,153979,127601,115087,111142,111613
"Glucose",182.066177,0,0,0,0,0,0,0,0,3188,2128
"Glucose",183.069532,56189,56260,47312,88453,60011,57369,47686,91959,25133,30431
"Glucose",184.072886,7281,6181,14525,12052,6874,0,0,3605,4778,22938
"Glucose",185.076241,0,0,0,0,0,0,2700,7261,0,0
"Glucose-6-phosphate",259.022443,24142470,14966067,21987134,20262054,22928458,9374938,16807118,15384559,13663639,0
"Glucose-6-phosphate",260.025798,1339704,801281,1205764,1110147,1214382,504955,926962,835503,717380,0
"Glucose-6-phosphate",261.029153,245887,136703,231186,222201,238532,95852,177044,149929,129303,0
"Glucose-6-phosphate",262.032508,1787,0,0,1364,1247,0,0,0,1691,0
"Glucose-6-phosphate",263.035862,0,0,0,1259,0,0,0,0,0,0
"Glucose-6-phosphate",264.039217,0,0,0,0,0,0,0,0,0,870
"Glucose-6-phosphate",265.042572,0,0,0,0,0,0,0,0,0,0
"Fructose-bisphosphate",338.988774,19757550,14946980,26135312,19359802,19859876,16885558,16912964,15609751,14105009,26301
"Fructose-bisphosphate",339.992129,984341,740657,1292182,970634,982331,829817,854118,761156,690000,0
"Fructose-bisphosphate",340.995484,133958,100036,168593,154884,132900,120661,101477,100077,98892,0
"Fructose-bisphosphate",341.998839,955,1024,1882,2152,0,1064,0,788,691,0
"Fructose-bisphosphate",343.002193,0,0,0,0,0,0,0,0,0,0
"Fructose-bisphosphate",344.005548,0,0,0,0,0,0,0,0,0,0
"Fructose-bisphosphate",345.008903,0,0,0,0,0,0,0,0,0,0
"Gluconate",195.051027,29587252,17715418,20548282,16382752,17937322,6797768,16278583,15546536,14215588,28861
"Gluconate",196.054382,1737198,1070021,1241455,869612,1019248,387553,916144,865771,821468,1218
"Gluconate",197.057737,103681,139482,119578,29646,13690,18418,95580,91443,93186,41115
"Gluconate",198.061091,924,0,0,1461,0,0,0,2848,0,1707
"Gluconate",199.064446,41052,13959,19882,11893,34666,33293,26725,32591,33253,25619
"Gluconate",200.067801,0,0,0,2249,0,2768,2455,640,0,1565
"Gluconate",201.071156,0,0,0,0,0,0,0,3506,0,0
"6-Phosphogluconic acid",275.017358,11914651,7480081,9949593,11714286,10783934,10229029,8997139,8136935,7254214,6296
"6-Phosphogluconic acid",276.020713,642232,387142,508635,630506,578554,522455,467694,451925,402358,0
"6-Phosphogluconic acid",277.024067,85845,61410,82291,97804,94679,72818,67636,56767,53270,0
"6-Phosphogluconic acid",278.027422,836,0,0,1261,0,0,0,0,1164,0
"6-Phosphogluconic acid",279.030777,0,0,0,0,0,0,0,0,0,0
"6-Phosphogluconic acid",280.034132,0,0,0,0,0,0,0,0,0,0
"6-Phosphogluconic acid",281.037487,0,0,0,0,0,0,0,0,0,0
"Arginine",173.1044,22379514,27921202,27449302,13194374,20413682,23279578,22322910,21106076,19324472,10118
"Arginine",174.107755,1188658,1525362,1511098,666655,1089135,1230729,1206161,1087505,1011876,0
"Arginine",175.111109,3743,7200,8405,0,3305,7207,8490,4916,517,0
"Arginine",176.114464,1321,0,0,0,0,0,0,0,0,0
"Arginine",177.117819,0,0,0,0,1242,0,0,0,0,0
"Arginine",178.121174,0,0,0,0,0,0,0,0,0,0
"Arginine",179.124529,0,0,0,0,0,0,0,0,0,0
"Phenylalanine",164.071703,267816096,292176224,273295648,176871392,234333840,268564640,260322080,257497376,244196288,1192950
"Phenylalanine",165.075057,24718254,27452094,25097812,16090569,21703324,25450402,24881830,23785198,22585744,267171
"Phenylalanine",166.078412,772178,829663,829386,499073,701514,781737,819724,740583,732385,0
"Phenylalanine",167.081767,41257,33186,47877,64622,68587,93318,38607,42812,40935,7958
"Phenylalanine",168.085122,0,0,0,0,0,0,0,0,0,1996
"Phenylalanine",169.088477,72285,50308,53713,40424,46739,92893,88627,81463,74852,105184
"Phenylalanine",170.091832,0,0,1392,0,0,1598,1806,0,0,1429
"Phenylalanine",171.095187,0,0,0,0,0,0,0,0,0,259
"Phenylalanine",172.098541,348750,67969,202027,539514,564409,77080,496228,173266,534723,261022
"Phenylalanine",173.101896,0,1757,0,3365,0,2999,0,0,0,1818
"Tyrosine",180.066617,151075424,154674336,155253760,88285424,123445360,133592816,140362176,134354832,128180464,132582
"Tyrosine",181.069972,12885452,11629134,10280522,6577283,9273751,9920195,10208708,9389729,8972144,28058
"Tyrosine",182.073327,483396,413470,368444,272432,382822,386286,412980,388667,357506,52704
"Tyrosine",183.076682,128452,26935,56132,66587,79326,33350,48899,46033,44411,63329
"Tyrosine",184.080037,0,0,0,0,0,0,0,0,0,0
"Tyrosine",185.083391,66417,90119,54113,93600,61148,145310,45600,59833,204072,28465
"Tyrosine",186.086746,1599,1757,1687,4326,0,3135,1318,3420,467,1588
"Tyrosine",187.090101,379,0,0,190,0,0,0,297,326,341
"Tyrosine",188.093456,7586,8226,3456,6069,6955,4690,5388,5852,0,23494
"Tyrosine",189.096811,0,0,0,1957,0,0,0,0,0,0
"ADP",426.02214,37049000,24302372,39936852,28339790,26645398,13334849,24929448,23548720,21536986,12356
"ADP",427.025495,3184325,1991342,3451680,2456505,2245766,1172266,2144877,1994508,1827403,0
"ADP",428.02885,533870,340031,605296,421713,319487,198756,334295,305313,328713,0
"ADP",429.032204,17793,14982,21297,5818,0,1802,3121,13232,3929,0
"ADP",430.035559,0,0,0,0,0,0,0,0,0,0
"ADP",431.038914,28726,0,2443,0,0,0,0,2266,0,0
"ADP",432.042269,0,2301,0,0,0,0,0,0,0,0
"ADP",433.045624,0,0,0,0,0,0,0,0,1673,1504
"ADP",434.048979,0,1655,0,0,0,0,0,0,0,0
"ADP",435.052333,0,0,0,0,0,0,0,0,0,0
"ADP",436.055688,0,0,0,0,0,0,0,0,0,0
"ATP",505.988471,101187344,65286244,107182472,84696264,73908120,46311504,68212496,66046308,60173708,52128
"ATP",506.991826,9014005,5638170,9521910,7402221,6643993,3807356,5925381,5567900,5291729,0
"ATP",507.99518,2242031,1374232,2298853,1908724,1651718,974796,1488547,1394114,1309251,1274
"ATP",508.998535,173928,95128,152319,169117,109447,48135,101456,92241,101999,0
"ATP",510.00189,0,0,2498,0,0,0,0,0,2232,0
"ATP",511.005245,0,0,0,0,0,0,0,0,0,0
"ATP",512.0086,0,0,0,0,0,0,0,0,0,0
"ATP",513.011955,0,0,0,0,0,0,0,0,0,0
"ATP",514.015309,2416,0,0,0,0,0,0,0,1008,0
"ATP",515.018664,0,264,0,0,0,0,0,0,0,0
"ATP",516.022019,237,0,0,0,0,0,0,2178,0,0
"UDP-glucose  / UDP-galatose",565.047746,78331984,67137976,75217928,55529008,59929200,28860672,53832320,51098952,45566700,2945
"UDP-glucose  / UDP-galatose",566.0511,18179500,12571776,14587727,10193766,11385004,5380938,10087972,9593703,8548674,0
"UDP-glucose  / UDP-galatose",567.054455,12766213,7893565,10100401,6365780,7102303,3562700,6601699,6170880,5432279,0
"UDP-glucose  / UDP-galatose",568.05781,58149992,30414994,42245536,27093904,30020278,15792132,27603620,26094574,22991742,0
"UDP-glucose  / UDP-galatose",569.061165,6724279,3646742,4997092,3223508,3560017,1951903,3322848,3095254,2792965,0
"UDP-glucose  / UDP-galatose",570.06452,1852463,990441,1279231,828643,942076,508317,869840,767903,735928,0
"UDP-glucose  / UDP-galatose",571.067875,181440,81100,121717,68320,96967,36676,84192,68551,44426,0
"UDP-glucose  / UDP-galatose",572.071229,10822,0,0,2076,0,0,0,0,2341,0
"UDP-glucose  / UDP-galatose",573.074584,0,0,0,0,0,0,0,0,0,1306
"UDP-glucose  / UDP-galatose",574.077939,0,0,0,0,0,0,0,2970,0,0
"UDP-glucose  / UDP-galatose",575.081294,0,0,0,673,1764,0,0,0,0,0
"UDP-glucose  / UDP-galatose",576.084649,0,0,0,0,0,0,0,0,0,0
"UDP-glucose  / UDP-galatose",577.088004,0,1520,0,0,0,0,0,0,0,0
"UDP-glucose  / UDP-galatose",578.091358,0,0,0,0,0,0,0,0,0,0
"UDP-glucose  / UDP-galatose",579.094713,0,0,0,0,0,0,0,0,0,0
"UDP-glucose  / UDP-galatose",580.098068,0,0,0,0,0,1984,0,0,0,0
"Uridine 5'-diphosphoglucuronic acid",579.02701,31400748,27338244,37391368,27570168,27025354,11530421,23526848,21755016,19851500,0
"Uridine 5'-diphosphoglucuronic acid",580.030365,5638658,4408252,5857082,4272156,4169694,1982114,3739601,3502968,3224992,0
"Uridine 5'-diphosphoglucuronic acid",581.03372,2986926,1909553,2842357,1969250,1896518,855547,1771266,1687922,1516878,0
"Uridine 5'-diphosphoglucuronic acid",582.037075,10762948,5269430,9026445,5518463,5428533,2576061,5205461,4792810,4439969,0
"Uridine 5'-diphosphoglucuronic acid",583.040429,1407081,668854,1135474,699187,686451,314422,676316,630536,566342,0
"Uridine 5'-diphosphoglucuronic acid",584.043784,371300,165630,274089,191177,177734,71233,171954,157026,135918,0
"Uridine 5'-diphosphoglucuronic acid",585.047139,27360,0,7908,5238,6361,3493,1982,3393,4770,0
"Uridine 5'-diphosphoglucuronic acid",586.050494,0,0,0,0,0,0,0,0,0,0
"Uridine 5'-diphosphoglucuronic acid",587.053849,0,0,0,0,0,0,0,0,1494,0
"Uridine 5'-diphosphoglucuronic acid",588.057204,0,0,0,0,0,0,0,0,1936,0
"Uridine 5'-diphosphoglucuronic acid",589.060558,0,0,0,0,0,0,0,0,0,0
"Uridine 5'-diphosphoglucuronic acid",590.063913,0,0,0,0,0,0,324,0,0,0
"Uridine 5'-diphosphoglucuronic acid",591.067268,0,0,0,0,0,0,0,0,0,0
"Uridine 5'-diphosphoglucuronic acid",592.070623,0,0,0,0,0,0,0,0,1120,0
"Uridine 5'-diphosphoglucuronic acid",593.073978,0,0,0,0,0,0,0,0,0,0
"Uridine 5'-diphosphoglucuronic acid",594.077333,0,0,0,0,0,0,0,0,0,0
"Palmitic acid",255.232954,757032128,877045120,632260544,864174336,1100406528,1032947392,929567488,947103680,996149504,88194704
"Palmitic acid",256.236309,126945384,145071792,103648752,146334880,183810032,175038768,156146896,155748160,164149920,15041452
"Palmitic acid",257.239664,9589850,10688742,7931489,10163815,13599102,12208638,11966410,11430252,11461218,1139546
"Palmitic acid",258.243019,266827,317689,300740,167786,286175,139076,402800,230692,325945,5587
"Palmitic acid",259.246374,238063,222811,466703,85010,86975,122827,233155,206537,198679,0
"Palmitic acid",260.249729,0,0,0,0,0,0,0,0,0,0
"Palmitic acid",261.253083,0,33282,154059,0,0,0,0,48362,125464,0
"Palmitic acid",262.256438,0,0,0,0,0,0,0,0,0,0
"Palmitic acid",263.259793,0,0,0,0,0,0,0,0,0,0
"Palmitic acid",264.263148,0,0,0,0,0,0,0,0,0,0
"Palmitic acid",265.266503,0,0,0,0,0,0,0,0,0,0
"Palmitic acid",266.269858,0,0,0,0,0,0,0,0,0,0
"Palmitic acid",267.273212,0,0,0,0,0,0,0,0,0,0
"Palmitic acid",268.276567,0,0,0,0,0,0,0,0,0,0
"Palmitic acid",269.279922,0,0,0,0,0,0,0,0,0,0
"Palmitic acid",270.283277,0,0,0,0,0,0,0,0,0,0
"Palmitic acid",271.286632,0,0,0,0,0,0,0,0,0,0
"UDP-N-acetylglucosamine",606.074295,36616916,48592228,43746444,38825404,41086992,25327346,37841600,34783124,32878728,22141
"UDP-N-acetylglucosamine",607.077649,9649802,10720374,10236560,8704562,8840753,5624905,8647786,7717795,7180197,0
"UDP-N-acetylglucosamine",608.081004,9208285,8503931,8996590,6711125,7084049,4785905,6870914,6356364,6009802,0
"UDP-N-acetylglucosamine",609.084359,27232886,20723140,23932444,18041908,18998452,12880803,18323328,16729143,15794808,0
"UDP-N-acetylglucosamine",610.087714,4772049,3357503,3906748,3020736,3153612,2173030,3061511,2905177,2715530,0
"UDP-N-acetylglucosamine",611.091069,2958711,1740756,2372056,1736723,1848507,1273997,1735960,1583945,1526303,0
"UDP-N-acetylglucosamine",612.094424,295678,175313,247146,155458,166786,105306,145023,138561,158338,0
"UDP-N-acetylglucosamine",613.097779,19471,16604,6512,8481,12569,0,7281,9175,0,0
"UDP-N-acetylglucosamine",614.101133,561,3792,0,6782,4761,1198,1294,5296,1499,0
"UDP-N-acetylglucosamine",615.104488,0,1729,0,0,2337,0,0,0,0,0
"UDP-N-acetylglucosamine",616.107843,2278,0,0,0,0,0,0,0,0,0
"UDP-N-acetylglucosamine",617.111198,0,0,0,0,0,0,0,0,0,1484
"UDP-N-acetylglucosamine",618.114553,0,0,0,0,0,0,0,0,0,0
"UDP-N-acetylglucosamine",619.117908,0,0,0,0,0,0,0,0,0,0
"UDP-N-acetylglucosamine",620.121262,0,0,0,0,0,1308,0,0,0,0
"UDP-N-acetylglucosamine",621.124617,356,0,0,0,0,0,0,0,0,0
"UDP-N-acetylglucosamine",622.127972,0,0,0,0,0,0,0,0,0,0
"UDP-N-acetylglucosamine",623.131327,0,0,0,0,0,0,0,0,0,0
"Glutathione, oxidized",611.144686,47000168,37561388,49517396,37281652,36739320,17222732,33899076,31218514,28839156,81237
"Glutathione, oxidized",612.148041,10959820,8238064,10676778,8158533,8169738,3947788,7593127,6884156,6400836,7498
"Glutathione, oxidized",613.151396,2171322,1517339,1919055,1483808,1523044,705847,1421788,1313452,1178768,929
"Glutathione, oxidized",614.154751,7925710,5372390,6542557,5215428,5179907,2473548,4717792,4469700,4165274,0
"Glutathione, oxidized",615.158105,3521343,2544062,3057134,2543194,2501181,1201188,2321158,2127733,1882094,0
"Glutathione, oxidized",616.16146,54008484,43991192,51307628,40698412,41988416,20995864,38158684,35834100,31968744,0
"Glutathione, oxidized",617.164815,9109006,7178545,8200378,6754693,6924905,3470908,6339855,5826857,5387279,0
"Glutathione, oxidized",618.16817,1452091,1171282,1307474,1086240,1062737,593837,1003010,933770,879049,0
"Glutathione, oxidized",619.171525,4234112,3017208,3212323,2689476,2599310,1357347,2582119,2314458,2172007,0
"Glutathione, oxidized",620.17488,1604159,1210395,1275833,1098352,1139572,577709,1011435,974108,865796,0
"Glutathione, oxidized",621.178234,12930423,10370931,10746163,9469675,9961954,5238419,8934758,8199226,7399951,0
"Glutathione, oxidized",622.181589,1499355,1216587,1292963,1111697,1156647,577832,996752,941406,857369,0
"Glutathione, oxidized",623.184944,462280,361079,397283,356024,349163,181621,320179,268169,279831,0
"Glutathione, oxidized",624.188299,27582,25095,22678,7749,23132,5991,21505,19546,13001,0
"Glutathione, oxidized",625.191654,1610,0,0,0,0,0,0,0,950,0
"Glutathione, oxidized",626.195009,0,1495,0,0,0,0,0,0,0,0
"Glutathione, oxidized",627.198363,0,0,0,0,0,0,321,0,0,0
"Glutathione, oxidized",628.201718,0,0,0,0,0,0,0,0,0,0
"Glutathione, oxidized",629.205073,897,0,0,0,0,0,2644,0,0,0
"Glutathione, oxidized",630.208428,0,0,0,0,0,0,0,0,0,0
"Glutathione, oxidized",631.211783,0,0,0,0,0,0,0,0,0,0
"NAD",662.101847,19794176,16428013,19154880,17480310,16566134,11279337,14579725,14773502,13542313,13494
"NAD",663.105202,4552851,3787999,4381860,4241634,4078142,2573299,3406144,3472790,3177375,0
"NAD",664.108556,915300,737208,854177,863166,792159,483400,644620,643311,602709,0
"NAD",665.111911,63368,42789,66223,61609,32399,14912,58109,60401,39873,0
"NAD",666.115266,0,0,0,0,0,0,0,5109,0,0
"NAD",667.118621,0,0,0,0,0,0,0,0,0,0
"NAD",668.121976,0,0,0,0,0,0,2598,0,0,0
"NAD",669.125331,0,3126,0,0,0,0,0,0,0,0
"NAD",670.128685,0,0,0,0,0,1951,0,0,0,0
"NAD",671.13204,0,0,0,0,0,0,0,0,0,0
"NAD",672.135395,0,0,0,0,0,0,0,0,0,0
"NAD",673.13875,0,0,0,0,0,0,0,0,0,0
"NAD",674.142105,0,0,0,0,0,0,0,0,0,0
"NAD",675.14546,0,0,0,0,0,0,0,0,0,0
"NAD",676.148814,0,0,0,0,0,0,0,0,0,0
"NAD",677.152169,0,0,0,0,0,0,0,0,0,0
"NAD",678.155524,0,0,0,0,0,0,0,0,0,0
"NAD",679.158879,0,0,0,0,0,0,0,0,0,0
"NAD",680.162234,618,0,0,0,0,0,0,0,0,0
"NAD",681.165589,0,0,500,0,0,0,0,0,0,0
"NAD",682.168944,0,0,0,0,0,0,0,0,0,0
"NAD",683.172298,3699,0,0,0,0,0,0,0,2555,0
"NADH",664.117497,3628475,2241559,4199895,2451494,2625038,1670915,2417288,2294274,2284369,0
"NADH",665.120852,708247,453636,867873,495324,464428,304159,498860,452370,441914,0
"NADH",666.124207,17361,31940,56082,43379,21176,0,33301,42346,22338,0
"NADH",667.127561,0,0,10128,0,0,0,9860,0,0,0
"NADH",668.130916,0,0,0,0,0,0,0,0,0,0
"NADH",669.134271,0,0,0,0,0,0,0,0,0,0
"NADH",670.137626,0,0,0,0,0,0,0,0,0,0
"NADH",671.140981,0,0,0,0,0,0,0,0,0,0
"NADH",672.144336,0,0,0,0,0,0,0,0,0,0
"NADH",673.14769,0,0,0,0,0,0,0,0,0,0
"NADH",674.151045,0,0,0,0,0,0,0,0,0,0
"NADH",675.1544,0,0,0,0,0,0,0,0,0,0
"NADH",676.157755,0,0,0,0,0,0,0,0,0,0
"NADH",677.16111,0,0,0,0,0,0,0,0,0,0
"NADH",678.164465,0,0,0,0,0,0,0,0,0,0
"NADH",679.167819,0,0,0,0,0,0,1490,0,0,0
"NADH",680.171174,5032,2201,2223,180,4163,0,0,5437,1956,0
"NADH",681.174529,0,0,0,0,0,0,0,0,0,0
"NADH",682.177884,0,0,0,0,0,0,0,0,0,0
"NADH",683.181239,0,0,0,0,0,0,0,0,0,0
"NADH",684.184594,0,0,0,3110,0,0,0,0,0,0
"NADH",685.187948,0,0,0,0,0,0,0,0,0,0
"NADP+",742.068178,2175624,1697275,2480402,1588760,1616318,981297,1495687,1313595,1255911,0
"NADP+",743.071533,479414,377128,588588,334082,375878,215046,341303,318288,274623,0
"NADP+",744.074887,92560,71487,104282,54773,61211,34841,62834,60032,61424,0
"NADP+",745.078242,3647,0,1888,0,0,0,4713,0,3740,0
"NADP+",746.081597,1851,0,0,0,0,0,0,0,0,0
"NADP+",747.084952,0,0,0,0,0,0,0,0,0,0
"NADP+",748.088307,0,0,0,0,0,0,0,0,0,0
"NADP+",749.091662,0,0,0,0,0,0,0,0,0,0
"NADP+",750.095016,0,0,0,0,0,0,0,0,0,0
"NADP+",751.098371,0,1271,0,0,0,0,0,0,0,0
"NADP+",752.101726,0,0,384,0,0,0,0,0,1552,0
"NADP+",753.105081,0,0,0,0,0,585,0,0,0,0
"NADP+",754.108436,0,0,0,0,0,0,2341,0,2345,0
"NADP+",755.111791,0,0,0,283,0,0,0,0,0,0
"NADP+",756.115145,0,0,0,0,0,0,0,0,0,0
"NADP+",757.1185,0,0,0,0,0,0,0,0,0,0
"NADP+",758.121855,0,303,0,0,0,0,0,0,0,0
"NADP+",759.12521,0,0,0,0,0,0,0,0,0,0
"NADP+",760.128565,0,2471,0,311,0,0,0,0,0,0
"NADP+",761.13192,0,0,0,0,0,0,0,0,0,0
"NADP+",762.135274,0,0,0,0,0,0,0,0,0,0
"NADP+",763.138629,0,0,0,0,2259,0,0,0,0,0
"FAD",784.14986,1017906,661568,947781,604184,524113,306195,565597,617580,541173,0
"FAD",785.153214,266429,180029,270134,137120,111944,62436,141572,158825,138688,0
"FAD",786.156569,16293,8509,17098,10183,0,2850,6355,3440,14792,0
"FAD",787.159924,0,0,4817,0,0,0,0,0,0,0
"FAD",788.163279,0,0,0,2788,0,0,0,0,0,0
"FAD",789.166634,0,0,0,0,0,0,0,0,0,0
"FAD",790.169989,3468,0,0,0,0,0,0,0,0,0
"FAD",791.173343,0,0,0,0,0,0,0,0,0,0
"FAD",792.176698,0,0,0,0,0,0,0,0,0,0
"FAD",793.180053,0,0,0,0,0,0,0,2071,0,0
"FAD",794.183408,0,1194,0,0,878,0,0,0,0,0
"FAD",795.186763,0,0,0,0,0,0,397,0,0,0
"FAD",796.190118,0,0,0,0,0,0,0,0,0,0
"FAD",797.193472,0,0,0,0,0,0,0,0,0,0
"FAD",798.196827,0,0,0,0,0,4861,0,0,0,0
"FAD",799.200182,0,0,0,0,0,0,0,0,0,0
"FAD",800.203537,0,0,0,0,0,0,0,0,0,0
"FAD",801.206892,0,0,0,0,1066,0,0,0,0,0
"FAD",802.210247,0,0,0,0,0,0,0,0,0,0
"FAD",803.213602,0,0,0,0,0,0,0,0,313,0
"FAD",804.216956,0,0,0,0,0,1239,0,0,0,0
"FAD",805.220311,0,0,3295,0,0,0,0,0,0,0
"FAD",806.223666,0,0,0,0,0,0,0,0,0,0
"FAD",807.227021,0,0,0,0,0,0,0,0,0,0
"FAD",808.230376,0,0,0,0,0,0,0,0,0,0
"FAD",809.233731,0,0,0,0,0,0,0,0,0,0
"FAD",810.237085,0,0,0,0,0,0,0,0,0,0
"FAD",811.24044,0,0,0,0,0,0,0,0,0,0
"Succinate",117.019333,1380252,826855,922609,698108,960056,561624,742539,807334,721048,56286
"Succinate",118.022688,97854,42322,47673,37613,44185,22353,42495,26888,35335,8408
"Succinate",119.026042,63193,35148,36281,63749,63121,52972,40364,54128,58890,114034
"Succinate",120.029397,4706,0,0,1560,0,675,3441,764,1645,891
"Succinate",121.032752,1232344,595125,883744,696331,633837,528576,633747,592188,605419,380
"Asparagine",131.046216,267252,438794,419509,422532,406901,248047,394437,406150,386728,43241
"Asparagine",132.049571,0,5078,0,2398,0,0,0,0,0,443
"Asparagine",133.052926,2509,5268,0,2046,951,2286,1840,2905,1833,0
"Asparagine",134.056281,31674,17331,24207,25674,25845,15632,18408,26853,16515,0
"Asparagine",135.059636,152002,105063,128124,128723,141139,91812,121661,120848,109149,0
"Glutathione",306.07653,21677256,615504,20357440,5657029,5612038,115241,2316442,2056161,1659838,7366
"Glutathione",307.079885,1800405,36287,1620804,495299,539573,1026,206206,171336,149813,0
"Glutathione",308.08324,297996,0,214783,58843,63682,1300,15413,14382,25989,0
"Glutathione",309.086595,1459613,19545,974086,325415,344349,0,123898,108681,96053,0
"Glutathione",310.089949,407201,3201,327294,105705,108103,0,29750,29827,26517,0
"Glutathione",311.093304,10784308,311916,8736271,2639404,2727063,24153,1113012,959474,914055,0
"Glutathione",312.096659,369960,0,309018,89151,98392,0,23977,31113,19559,491
"Glutathione",313.100014,0,0,1618,1476,0,0,0,0,0,0
"Glutathione",314.103369,0,0,0,0,0,0,0,0,0,0
"Glutathione",315.106724,0,0,0,0,0,0,0,0,0,423
"Glutathione",316.110078,2467,0,0,1666,1668,0,1239,0,0,0
